Steps,Policy/Entropy,Environment/Episode Length,Environment/Lesson,Policy/Extrinsic Value Estimate,Environment/Cumulative Reward,Policy/Extrinsic Reward,Is Training
10000,2.12371,40.27160493827161,0.0,18.508642,-0.8466355343741819,-0.8466355343741819,1.0
20000,2.1143625,43.355555555555554,0.0,18.356112,-0.8571991152233548,-0.8571991152233548,1.0
30000,2.1367579,44.527272727272724,0.0,12.23222,-0.8360236371105367,-0.8360236371105367,1.0
40000,2.1148877,46.82857142857143,0.0,12.239468,-0.7963177017047645,-0.7963177017047645,1.0
50000,2.1355672,44.36529680365297,0.0,9.843467,-0.8055653008696151,-0.8055653008696151,1.0
60000,2.1623275,44.20454545454545,0.0,9.380558,-0.8057567508102538,-0.8057567508102538,1.0
70000,2.2085576,44.22171945701358,0.0,8.014384,-0.7960307754542493,-0.7960307754542493,1.0
80000,2.2235065,45.31481481481482,0.0,7.6459103,-0.7865361132555537,-0.7865361132555537,1.0
90000,2.2319834,46.44761904761905,0.0,6.588284,-0.7887696702898396,-0.7887696702898396,1.0
100000,2.2560172,44.949771689497716,0.0,6.256347,-0.793255043822691,-0.793255043822691,1.0
110000,2.2682343,46.03791469194313,0.0,5.7524285,-0.7756509361964352,-0.7756509361964352,1.0
120000,2.2432091,48.05882352941177,0.0,5.672559,-0.7543147049990355,-0.7543147049990355,1.0
130000,2.2471752,46.81428571428572,0.0,5.0114026,-0.7450323729288011,-0.7450323729288011,1.0
140000,2.2674985,48.04926108374384,0.0,4.6568747,-0.7397607813278834,-0.7397607813278834,1.0
150000,2.2650738,45.31336405529954,0.0,3.887398,-0.7657546303062527,-0.7657546303062527,1.0
160000,2.2436404,50.05154639175258,0.0,3.677083,-0.6907183643506498,-0.6907183643506498,1.0
170000,2.2612588,49.381909547738694,0.0,3.0751708,-0.7258803976241068,-0.7258803976241068,1.0
180000,2.2587764,48.663366336633665,0.0,2.6073744,-0.7126217789874219,-0.7126217789874219,1.0
190000,2.248408,48.994974874371856,0.0,2.553442,-0.7070159906148911,-0.7070159906148911,1.0
200000,2.2427733,51.44210526315789,0.0,2.3260272,-0.6722785328071155,-0.6722785328071155,1.0
210000,2.2635212,49.85279187817259,0.0,2.1530368,-0.684963447037082,-0.684963447037082,1.0
220000,2.2610805,52.91935483870968,0.0,2.0422502,-0.661726475567431,-0.661726475567431,1.0
230000,2.2605639,50.3041237113402,0.0,1.9633554,-0.6918420522640913,-0.6918420522640913,1.0
240000,2.235125,50.765625,0.0,1.8174583,-0.6473201947199866,-0.6473201947199866,1.0
250000,2.223738,56.44571428571429,0.0,1.5963562,-0.5969177072388785,-0.5969177072388785,1.0
260000,2.261496,56.566473988439306,0.0,1.4400694,-0.5947248430954928,-0.5947248430954928,1.0
270000,2.2495365,53.086486486486486,0.0,1.1760116,-0.6374875626048526,-0.6374875626048526,1.0
280000,2.2410076,55.20786516853933,0.0,1.0860361,-0.5951123530610224,-0.5951123530610224,1.0
290000,2.2461872,50.895833333333336,0.0,1.0036138,-0.6395958501440255,-0.6395958501440255,1.0
300000,2.1836822,55.94318181818182,0.0,0.7978845,-0.5904477147216146,-0.5904477147216146,1.0
310000,2.1892223,52.424731182795696,0.0,0.73645574,-0.620397842539254,-0.620397842539254,1.0
320000,2.1663141,53.45108695652174,0.0,0.520928,-0.6165347706688487,-0.6165347706688487,1.0
330000,2.1862986,56.72254335260116,0.0,0.5165391,-0.5804416013590862,-0.5804416013590862,1.0
340000,2.1449447,56.354285714285716,0.0,0.4680786,-0.5769588366576603,-0.5769588366576603,1.0
350000,2.121521,58.61764705882353,0.0,0.34675896,-0.5657505899308676,-0.5657505899308676,1.0
360000,2.1422055,57.082352941176474,0.0,0.24273258,-0.574378142069126,-0.574378142069126,1.0
370000,2.1210008,56.13513513513514,0.0,0.25495812,-0.5659410205879652,-0.5659410205879652,1.0
380000,2.110765,57.6125,0.0,0.13710625,-0.5806473836388891,-0.5806473836388891,1.0
390000,2.085271,57.43386243386244,0.0,0.122218415,-0.5609052510637986,-0.5609052510637986,1.0
400000,2.0989544,56.66451612903226,0.0,-0.027247427,-0.5687988290207924,-0.5687988290207924,1.0
410000,2.143947,60.3680981595092,0.0,0.015633209,-0.5242183833765838,-0.5242183833765838,1.0
420000,2.0913517,59.987730061349694,0.0,-0.09989514,-0.5242365649560603,-0.5242365649560603,1.0
430000,2.0618324,57.98203592814371,0.0,-0.13372852,-0.547079496534474,-0.547079496534474,1.0
440000,2.0663736,59.30952380952381,0.0,-0.124579996,-0.547738440819746,-0.547738440819746,1.0
450000,2.0621638,58.873493975903614,0.0,-0.15771301,-0.5593281265147432,-0.5593281265147432,1.0
460000,2.0692337,58.63690476190476,0.0,-0.2451742,-0.559235697523469,-0.559235697523469,1.0
470000,2.0390282,57.92397660818713,0.0,-0.21719584,-0.5495976302553626,-0.5495976302553626,1.0
480000,2.0339901,62.78064516129032,0.0,-0.2249362,-0.49612433100358033,-0.49612433100358033,1.0
490000,2.0792778,60.8625,0.0,-0.25568348,-0.5302124816924334,-0.5302124816924334,1.0
500000,2.0652628,59.74096385542169,0.0,-0.29578736,-0.5154383004068614,-0.5154383004068614,1.0
510000,2.0795765,61.59748427672956,0.0,-0.29829746,-0.5021144391605689,-0.5021144391605689,1.0
520000,2.075791,62.29113924050633,0.0,-0.32171658,-0.4840822496180293,-0.4840822496180293,1.0
530000,2.0867753,62.025,0.0,-0.30986106,-0.4655237141996622,-0.4655237141996622,1.0
540000,2.0631258,69.72535211267606,0.0,-0.3339061,-0.403712013089065,-0.403712013089065,1.0
550000,2.036625,63.03921568627451,0.0,-0.35681123,-0.4824012622430727,-0.4824012622430727,1.0
560000,2.0697124,64.59868421052632,0.0,-0.3620213,-0.4258597061618582,-0.4258597061618582,1.0
570000,1.9920732,64.28571428571429,0.0,-0.3725594,-0.4832339589697084,-0.4832339589697084,1.0
580000,1.9518231,68.17482517482517,0.0,-0.33420527,-0.4358964745814984,-0.4358964745814984,1.0
590000,1.9989601,61.54601226993865,0.0,-0.35045227,-0.46975211680301127,-0.46975211680301127,1.0
600000,2.0194547,67.93055555555556,0.0,-0.32222414,-0.39877217614816296,-0.39877217614816296,1.0
610000,2.0141792,70.86131386861314,0.0,-0.3106015,-0.4032466705263096,-0.4032466705263096,1.0
620000,2.0369174,68.21621621621621,0.0,-0.33568895,-0.40954590105527156,-0.40954590105527156,1.0
630000,2.0760295,66.37931034482759,0.0,-0.31937826,-0.38938488862285875,-0.38938488862285875,1.0
640000,2.0739815,64.15584415584415,0.0,-0.3274594,-0.44752982403937874,-0.44752982403937874,1.0
650000,2.0689466,70.9290780141844,0.0,-0.2910268,-0.37283257960427735,-0.37283257960427735,1.0
660000,2.0394793,71.53333333333333,0.0,-0.31200594,-0.3628690637209836,-0.3628690637209836,1.0
670000,2.0481224,79.46774193548387,0.0,-0.2887819,-0.30180316105965643,-0.30180316105965643,1.0
680000,2.0577664,76.8076923076923,0.0,-0.2700076,-0.3137534353160119,-0.3137534353160119,1.0
690000,2.0582333,82.98319327731092,0.0,-0.24455969,-0.21500501011387776,-0.21500501011387776,1.0
700000,2.0589178,77.96031746031746,0.0,-0.27852717,-0.291407808074801,-0.291407808074801,1.0
710000,2.0244799,78.83064516129032,0.0,-0.22274455,-0.29287896257254387,-0.29287896257254387,1.0
720000,2.029707,74.29850746268657,0.0,-0.22782885,-0.3461491950412295,-0.3461491950412295,1.0
730000,2.0117087,82.66949152542372,0.0,-0.2359162,-0.20349991372076132,-0.20349991372076132,1.0
740000,2.002355,89.56637168141593,0.0,-0.19610646,-0.15236784180380264,-0.15236784180380264,1.0
750000,1.9712777,81.37704918032787,0.0,-0.2662058,-0.2594262798165166,-0.2594262798165166,1.0
760000,1.9712105,86.025,0.0,-0.23926036,-0.1995746893388731,-0.1995746893388731,1.0
770000,2.0194707,90.81443298969072,0.0,-0.18484734,-0.151766268449409,-0.151766268449409,1.0
780000,2.0104513,103.20408163265306,0.0,-0.20824812,-0.010997828134556407,-0.010997828134556407,1.0
790000,1.9619331,91.25,0.0,-0.12298406,-0.13783294646018143,-0.13783294646018143,1.0
800000,1.9897412,98.11538461538461,0.0,-0.13777962,-0.08312342082168542,-0.08312342082168542,1.0
810000,1.9561526,89.87155963302752,0.0,-0.16850044,-0.14107738394994992,-0.14107738394994992,1.0
820000,1.997369,91.4622641509434,0.0,-0.1641186,-0.13451124530918193,-0.13451124530918193,1.0
830000,1.9896245,92.07476635514018,0.0,-0.18031712,-0.13917187287985722,-0.13917187287985722,1.0
840000,2.0101583,97.86138613861387,0.0,-0.16967598,-0.02506460877610188,-0.02506460877610188,1.0
850000,1.9905024,87.14285714285714,0.0,-0.17834456,-0.15454766838937192,-0.15454766838937192,1.0
860000,1.9744326,93.62962962962963,0.0,-0.17079288,-0.10413017513555124,-0.10413017513555124,1.0
870000,1.9873159,94.55140186915888,0.0,-0.17689209,-0.07141121772100341,-0.07141121772100341,1.0
880000,1.9736427,92.6952380952381,0.0,-0.17366269,-0.10241133244264694,-0.10241133244264694,1.0
890000,1.9972111,96.8019801980198,0.0,-0.153234,-0.021773909330368043,-0.021773909330368043,1.0
900000,1.9959623,96.4040404040404,0.0,-0.13918313,-0.01836189329624176,-0.01836189329624176,1.0
910000,1.9494617,91.81818181818181,0.0,-0.12286417,-0.11540536826307124,-0.11540536826307124,1.0
920000,1.9633242,100.9795918367347,0.0,-0.116277024,-0.04556757151478469,-0.04556757151478469,1.0
930000,1.9632711,125.59493670886076,0.0,-0.1001432,0.29880265463143585,0.29880265463143585,1.0
940000,1.9864973,91.8785046728972,0.0,-0.081156336,-0.10169991401006591,-0.10169991401006591,1.0
950000,1.9865998,107.52173913043478,0.0,-0.10002072,0.08211099583169688,0.08211099583169688,1.0
960000,1.9402972,106.3763440860215,0.0,-0.093040586,0.06313843200815485,0.06313843200815485,1.0
970000,1.9555799,102.86021505376344,0.0,-0.094785295,0.03795010369756947,0.03795010369756947,1.0
980000,1.9408101,113.6590909090909,0.0,-0.0776091,0.16669226563378667,0.16669226563378667,1.0
990000,1.9457785,107.13684210526316,0.0,-0.0809598,0.08485118378984167,0.08485118378984167,1.0
1000000,1.9115306,108.18085106382979,0.0,-0.07022899,0.08490116533480192,0.08490116533480192,1.0
1010000,1.9007591,105.26436781609195,0.0,-0.090465,-0.020813844578210696,-0.020813844578210696,1.0
1020000,1.9545735,122.88372093023256,0.0,-0.08078047,0.3386116534814067,0.3386116534814067,1.0
1030000,1.9346561,98.66326530612245,0.0,-0.07432678,-0.03801826767775477,-0.03801826767775477,1.0
1040000,1.922335,114.22619047619048,0.0,-0.0008577603,0.16777845750372095,0.16777845750372095,1.0
1050000,1.9337981,115.24418604651163,0.0,0.013871933,0.1348140887742819,0.1348140887742819,1.0
1060000,1.8771763,110.22916666666667,0.0,0.04490872,0.13130527719394447,0.13130527719394447,1.0
1070000,1.8776137,100.68888888888888,0.0,0.046060495,0.000528201125980763,0.000528201125980763,1.0
1080000,1.8864623,119.73563218390805,0.0,0.017357389,0.23601377619938416,0.23601377619938416,1.0
1090000,1.9248022,121.3132530120482,0.0,0.023876846,0.26942210553622825,0.26942210553622825,1.0
1100000,1.9200468,121.06410256410257,0.0,0.02371195,0.2593376416712999,0.2593376416712999,1.0
1110000,1.9381317,104.46601941747574,0.0,0.0008100706,0.05103023077851983,0.05103023077851983,1.0
1120000,1.9188625,112.63157894736842,0.0,0.003655091,0.10267454766949942,0.10267454766949942,1.0
1130000,1.9156698,110.78301886792453,0.0,-0.049192473,0.1876414444135583,0.1876414444135583,1.0
1140000,1.9428589,109.76923076923077,0.0,0.06123578,0.04694142516540444,0.04694142516540444,1.0
1150000,1.9284667,125.975,0.0,0.05324121,0.34836265034973624,0.34836265034973624,1.0
1160000,1.9271402,136.63888888888889,0.0,0.10757655,0.4540790491540667,0.4540790491540667,1.0
1170000,1.93019,111.42222222222222,0.0,0.087488726,0.12740456809600195,0.12740456809600195,1.0
1180000,1.927603,121.93827160493827,0.0,0.14720072,0.2610440639460959,0.2610440639460959,1.0
1190000,1.9104105,117.9493670886076,0.0,0.16776307,0.20175399000828081,0.20175399000828081,1.0
1200000,1.9070945,122.32051282051282,0.0,0.04990171,0.24440776207779027,0.24440776207779027,1.0
1210000,1.8885881,122.67469879518072,0.0,0.03753804,0.2622411261840039,0.2622411261840039,1.0
1220000,1.881858,137.44155844155844,0.0,0.044966493,0.4291281763712565,0.4291281763712565,1.0
1230000,1.8902724,109.30588235294118,0.0,0.015565263,0.14762540110226335,0.14762540110226335,1.0
1240000,1.8613572,139.2394366197183,0.0,0.09914142,0.5080537023678632,0.5080537023678632,1.0
1250000,1.8752584,117.93103448275862,0.0,0.09166742,0.20275594350383724,0.20275594350383724,1.0
1260000,1.8749121,130.83333333333334,0.0,0.1851711,0.40504067268552657,0.40504067268552657,1.0
1270000,1.8685173,107.88764044943821,0.0,0.2196011,0.03194168929973345,0.03194168929973345,1.0
1280000,1.9081981,115.66666666666667,0.0,0.033447936,0.24083348221722103,0.24083348221722103,1.0
1290000,1.9062456,146.4,0.0,-0.00046872115,0.6299448150854844,0.6299448150854844,1.0
1300000,1.8754163,119.05747126436782,0.0,-0.023734793,0.18491968375512924,0.18491968375512924,1.0
1310000,1.8981695,123.75280898876404,0.0,0.030642765,0.2913417198349921,0.2913417198349921,1.0
1320000,1.9336203,127.62857142857143,0.0,0.082950994,0.3789544578109469,0.3789544578109469,1.0
1330000,1.9089141,124.63855421686748,0.0,0.041544303,0.29478306868454307,0.29478306868454307,1.0
1340000,1.9265047,112.80459770114942,0.0,0.13210295,0.1575192494338818,0.1575192494338818,1.0
1350000,1.8920816,127.66233766233766,0.0,0.1660344,0.3384054307090609,0.3384054307090609,1.0
1360000,1.8668786,119.60975609756098,0.0,0.17963795,0.2414989500160677,0.2414989500160677,1.0
1370000,1.8933917,129.0375,0.0,0.17977072,0.37033767364919185,0.37033767364919185,1.0
1380000,1.8934596,138.6969696969697,0.0,0.22995959,0.45168501996632776,0.45168501996632776,1.0
1390000,1.8666823,125.47560975609755,0.0,0.3037846,0.3069318721934063,0.3069318721934063,1.0
1400000,1.8794712,126.88461538461539,0.0,0.29397967,0.33466770161281933,0.33466770161281933,1.0
1410000,1.8819274,124.67948717948718,0.0,0.30251825,0.3230052454562127,0.3230052454562127,1.0
1420000,1.8975117,140.29166666666666,0.0,0.3395521,0.5327196311619546,0.5327196311619546,1.0
1430000,1.8914086,142.28169014084506,0.0,0.3626629,0.5472931656199442,0.5472931656199442,1.0
1440000,1.8896351,132.86486486486487,0.0,0.3647727,0.4892741466221744,0.4892741466221744,1.0
1450000,1.900821,150.203125,0.0,0.3546259,0.6359486742453142,0.6359486742453142,1.0
1460000,1.9179097,136.63636363636363,0.0,0.31880033,0.41025809551540177,0.41025809551540177,1.0
1470000,1.8687712,111.72151898734177,0.0,0.2833127,0.18597764074802398,0.18597764074802398,1.0
1480000,1.87639,145.013698630137,0.0,0.30597085,0.6036087732229914,0.6036087732229914,1.0
1490000,1.8620952,155.11111111111111,0.0,0.12528394,0.5876323288040501,0.5876323288040501,1.0
1500000,1.8735563,152.44,0.0,0.10682122,0.851825960619109,0.851825960619109,1.0
1510000,1.8742238,142.77611940298507,0.0,0.03071074,0.44703904870483613,0.44703904870483613,1.0
1520000,1.8847866,153.53521126760563,0.0,0.045596134,0.6189668749769529,0.6189668749769529,1.0
1530000,1.8942827,134.421875,0.0,-0.1382029,0.5350859318460737,0.5350859318460737,1.0
1540000,1.8793354,162.39655172413794,0.0,-0.09622474,0.8560634014899271,0.8560634014899271,1.0
1550000,1.8742187,155.43478260869566,0.0,-0.23529886,0.7982523825721465,0.7982523825721465,1.0
1560000,1.8727287,155.96875,0.0,-0.241101,0.7137017777332892,0.7137017777332892,1.0
1570000,1.9015781,148.70149253731344,0.0,-0.0057798657,0.6323517362276713,0.6323517362276713,1.0
1580000,1.8701878,154.08928571428572,0.0,-0.005965892,0.7122352839561931,0.7122352839561931,1.0
1590000,1.9099741,170.75757575757575,0.0,0.09305184,0.8968063172968951,0.8968063172968951,1.0
1600000,1.8978385,139.41666666666666,0.0,0.08744596,0.5490142820586621,0.5490142820586621,1.0
1610000,1.8970535,123.9625,0.0,0.010411774,0.3391359755654394,0.3391359755654394,1.0
1620000,1.9063463,167.3728813559322,0.0,0.0013673815,0.7622967881375345,0.7622967881375345,1.0
1630000,1.8960319,139.17910447761193,0.0,0.0370805,0.4855207936728702,0.4855207936728702,1.0
1640000,1.8613405,154.63636363636363,0.0,0.061421532,0.7008032640724471,0.7008032640724471,1.0
1650000,1.8852878,166.71428571428572,0.0,0.10081069,0.8395002592475184,0.8395002592475184,1.0
1660000,1.8721992,161.54545454545453,0.0,0.118948534,0.7833675037730824,0.7833675037730824,1.0
1670000,1.8542209,159.0441176470588,0.0,0.1464279,0.7253799246273179,0.7253799246273179,1.0
1680000,1.8660642,175.96226415094338,0.0,0.14127792,0.8635039594438341,0.8635039594438341,1.0
1690000,1.8444068,160.39285714285714,0.0,0.06628556,0.9217230332525153,0.9217230332525153,1.0
1700000,1.8388145,192.6851851851852,0.0,0.002168564,1.2475743967073936,1.2475743967073936,1.0
1710000,1.8301957,196.9777777777778,0.0,0.14700447,1.301955877410041,1.301955877410041,1.0
1720000,1.8184311,194.9090909090909,0.0,0.21363571,1.1696424011075706,1.1696424011075706,1.0
1730000,1.8036572,218.65217391304347,0.0,0.25224566,1.5523916210817255,1.5523916210817255,1.0
1740000,1.8190349,163.75,0.0,0.20732434,0.8856035875777404,0.8856035875777404,1.0
1750000,1.7978079,176.13793103448276,0.0,0.35022792,0.9908984894292396,0.9908984894292396,1.0
1760000,1.8073983,207.17777777777778,0.0,0.49001327,1.422117719831674,1.422117719831674,1.0
1770000,1.7837393,206.26,0.0,0.41160345,1.3702492957212487,1.3702492957212487,1.0
1780000,1.7575573,195.90196078431373,0.0,0.32158378,1.3578630843583275,1.3578630843583275,1.0
1790000,1.7518636,189.79166666666666,0.0,0.3310082,1.2265431503860318,1.2265431503860318,1.0
1800000,1.7126819,206.71698113207546,0.0,0.31547493,1.3964342784206822,1.3964342784206822,1.0
1810000,1.739435,194.3469387755102,0.0,0.34694156,1.2565711420029402,1.2565711420029402,1.0
1820000,1.7517726,225.6818181818182,0.0,0.3464433,1.8122786199269088,1.8122786199269088,1.0
1830000,1.7403939,213.3125,0.0,0.31854072,1.567337858180205,1.567337858180205,1.0
1840000,1.7327983,186.0185185185185,0.0,0.3797228,1.1281966048258323,1.1281966048258323,1.0
1850000,1.7343135,166.53571428571428,0.0,0.39151835,0.9306353226042631,0.9306353226042631,1.0
1860000,1.7634009,205.46,0.0,0.7709903,1.403936312198639,1.403936312198639,1.0
1870000,1.7816694,225.61904761904762,0.0,0.78975326,1.5856442549606649,1.5856442549606649,1.0
1880000,1.7773873,232.83333333333334,0.0,0.9470535,1.787876027661401,1.787876027661401,1.0
1890000,1.789338,213.0655737704918,0.0,0.92229587,1.5601130881092764,1.5601130881092764,1.0
1900000,1.7885894,213.0909090909091,0.0,0.7653054,1.4899963164329528,1.4899963164329528,1.0
1910000,1.777397,228.13953488372093,0.0,0.74038047,1.8202468933061111,1.8202468933061111,1.0
1920000,1.7702965,187.6326530612245,0.0,0.69874996,1.221543134475241,1.221543134475241,1.0
1930000,1.7527046,237.45238095238096,0.0,0.72239625,1.84501434273498,1.84501434273498,1.0
1940000,1.7732692,216.69565217391303,0.0,0.71649873,1.6740220989222112,1.6740220989222112,1.0
1950000,1.75968,218.54347826086956,0.0,0.67905,1.6178873537675194,1.6178873537675194,1.0
1960000,1.75184,192.0,0.0,0.64449966,1.3707438065953876,1.3707438065953876,1.0
1970000,1.7494676,231.93333333333334,0.0,0.6012217,1.8256359689765507,1.8256359689765507,1.0
1980000,1.7261332,189.33333333333334,0.0,0.62020165,1.3082768916291125,1.3082768916291125,1.0
1990000,1.7240133,253.7111111111111,0.0,0.58995986,2.101267127858268,2.101267127858268,1.0
2000000,1.7437972,240.87179487179486,0.0,0.65826297,2.027708113957674,2.027708113957674,1.0
2010000,1.7456796,170.96153846153845,1.0,0.61331904,1.0759541535606751,1.0759541535606751,1.0
2020000,1.7301605,221.0,1.0,0.5915637,1.549045248299229,1.549045248299229,1.0
2030000,1.720197,176.20454545454547,1.0,0.6016754,1.2443568091029706,1.2443568091029706,1.0
2040000,1.7257608,222.98,1.0,0.59146476,1.7064323654770852,1.7064323654770852,1.0
2050000,1.7411793,193.0,1.0,0.53492856,1.2947296988145978,1.2947296988145978,1.0
2060000,1.7356668,202.93617021276594,1.0,0.54699546,1.4115067187775956,1.4115067187775956,1.0
2070000,1.7557166,199.53191489361703,1.0,0.53099495,1.2310253294805686,1.2310253294805686,1.0
2080000,1.7521136,232.88095238095238,1.0,0.5682737,1.8022432086013613,1.8022432086013613,1.0
2090000,1.7738386,216.23076923076923,1.0,0.55906016,1.5235695460667977,1.5235695460667977,1.0
2100000,1.755604,214.34782608695653,1.0,0.56838953,1.458164793252945,1.458164793252945,1.0
2110000,1.7332314,217.23809523809524,1.0,0.5265342,1.7290282602920088,1.7290282602920088,1.0
2120000,1.7260678,219.6590909090909,1.0,0.56733006,1.6206821778958493,1.6206821778958493,1.0
2130000,1.726618,220.4255319148936,1.0,0.60566396,1.6406769530570253,1.6406769530570253,1.0
2140000,1.7129074,230.97674418604652,1.0,0.602101,1.7684003835500672,1.7684003835500672,1.0
2150000,1.6651763,238.425,1.0,0.6261962,1.8359853893518447,1.8359853893518447,1.0
2160000,1.6646361,183.65454545454546,1.0,0.58461916,1.2066039485010234,1.2066039485010234,1.0
2170000,1.5979736,263.5,1.0,0.7688688,2.2525737831989923,2.2525737831989923,1.0
2180000,1.6112732,289.275,1.0,0.77556056,2.62121590360617,2.62121590360617,1.0
2190000,1.6040394,184.3846153846154,2.0,0.8768866,1.2740852922201156,1.2740852922201156,1.0
2200000,1.6213272,249.6590909090909,2.0,0.8683729,1.9997640441764484,1.9997640441764484,1.0
2210000,1.5804249,210.3913043478261,2.0,0.8405742,1.4629394710063934,1.4629394710063934,1.0
2220000,1.5977491,178.5483870967742,2.0,0.70606434,1.0290461583215682,1.0290461583215682,1.0
2230000,1.5849876,183.4318181818182,2.0,0.68717384,1.2337914327780406,1.2337914327780406,1.0
2240000,1.573106,213.77551020408163,2.0,0.718642,1.6279481876155604,1.6279481876155604,1.0
2250000,1.5563219,256.9047619047619,2.0,0.6502055,1.9713094959204847,1.9713094959204847,1.0
2260000,1.5693305,199.32075471698113,2.0,0.626747,1.271886020898819,1.271886020898819,1.0
2270000,1.5294043,241.97142857142856,2.0,0.58550084,2.0447850701136465,2.0447850701136465,1.0
2280000,1.5403394,236.62222222222223,2.0,0.6238451,1.7657830002515211,1.7657830002515211,1.0
2290000,1.5404993,238.62857142857143,2.0,0.61983776,1.9178860996450697,1.9178860996450697,1.0
2300000,1.5373663,262.025,2.0,0.6449503,2.1426209062337875,2.1426209062337875,1.0
2310000,1.5241089,214.3921568627451,2.0,0.55385154,1.6724465443537786,1.6724465443537786,1.0
2320000,1.5117095,200.47169811320754,2.0,0.5339505,1.3798238535722096,1.3798238535722096,1.0
2330000,1.536671,217.23684210526315,2.0,0.5203674,1.6584055454303057,1.6584055454303057,1.0
2340000,1.5397167,291.52777777777777,2.0,0.5287239,2.7117172049151526,2.7117172049151526,1.0
2350000,1.57019,228.33333333333334,2.0,0.5723338,1.7037538393119047,1.7037538393119047,1.0
2360000,1.5713825,231.1219512195122,2.0,0.58966124,1.7221003487706183,1.7221003487706183,1.0
2370000,1.5577513,271.62857142857143,2.0,0.6425004,2.4469393702844777,2.4469393702844777,1.0
2380000,1.5489751,310.0,2.0,0.6356503,3.0614187157515325,3.0614187157515325,1.0
2390000,1.5633527,295.56666666666666,2.0,0.6319138,2.5653617737754697,2.5653617737754697,1.0
2400000,1.56793,289.375,2.0,0.6239103,2.560025508701801,2.560025508701801,1.0
2410000,1.5744447,222.68421052631578,2.0,0.59891856,1.7240424454212189,1.7240424454212189,1.0
2420000,1.590168,267.6388888888889,2.0,0.6162509,2.223092390073312,2.223092390073312,1.0
2430000,1.5746508,352.35714285714283,2.0,0.6363071,3.476156136503926,3.476156136503926,1.0
2440000,1.5860133,280.1025641025641,2.0,0.61450404,2.395360446721315,2.395360446721315,1.0
2450000,1.5915136,342.05263157894734,2.0,0.6342619,2.713933867436868,2.713933867436868,1.0
2460000,1.5989959,397.57142857142856,2.0,0.64728993,4.137557868446622,4.137557868446622,1.0
2470000,1.582411,264.7631578947368,2.0,0.5472906,2.221479421383456,2.221479421383456,1.0
2480000,1.5626969,366.6363636363636,2.0,0.64968324,3.138991108962468,3.138991108962468,1.0
2490000,1.5693657,370.65625,2.0,0.6219737,3.958237045642101,3.958237045642101,1.0
2500000,1.5399435,247.04444444444445,2.0,0.66939515,2.0521503951061857,2.0521503951061857,1.0
2510000,1.5349035,266.6060606060606,2.0,0.6937264,2.4433580953063387,2.4433580953063387,1.0
2520000,1.5310516,312.741935483871,2.0,0.73666865,2.8874943116679788,2.8874943116679788,1.0
2530000,1.5158167,323.4230769230769,2.0,0.7904709,3.0636894835366144,3.0636894835366144,1.0
2540000,1.5205986,330.1212121212121,2.0,0.825171,3.123873334942442,3.123873334942442,1.0
2550000,1.5152591,339.7037037037037,2.0,0.8584623,3.3634228303476617,3.3634228303476617,1.0
2560000,1.4843405,428.6363636363636,2.0,0.8663674,4.17773407413846,4.17773407413846,1.0
2570000,1.4856977,387.258064516129,3.0,0.83223224,4.049690991640091,4.049690991640091,1.0
2580000,1.501543,156.6530612244898,3.0,0.71649146,1.0211562824249267,1.0211562824249267,1.0
2590000,1.5083128,234.46511627906978,3.0,0.6980489,1.8555575020256496,1.8555575020256496,1.0
2600000,1.5105054,304.80645161290323,3.0,0.8156436,2.8590692775323987,2.8590692775323987,1.0
2610000,1.5047367,204.69811320754718,3.0,0.7120087,1.5169449962200003,1.5169449962200003,1.0
2620000,1.5117652,262.3333333333333,3.0,0.74233633,1.9430941455066204,1.9430941455066204,1.0
2630000,1.5087911,334.86486486486484,3.0,0.76960266,3.2685034258025034,3.2685034258025034,1.0
2640000,1.4892075,270.7931034482759,3.0,0.69806796,2.581523045416801,2.581523045416801,1.0
2650000,1.4774429,340.81481481481484,3.0,0.75485206,3.200586270008768,3.200586270008768,1.0
2660000,1.4914982,282.97297297297297,3.0,0.7039681,2.5859949439764023,2.5859949439764023,1.0
2670000,1.4874773,341.6774193548387,3.0,0.76973754,3.1656693145632744,3.1656693145632744,1.0
2680000,1.4967071,274.2,3.0,0.7267944,2.4548828207394657,2.4548828207394657,1.0
2690000,1.5126094,287.05128205128204,3.0,0.7268758,2.4424054831266404,2.4424054831266404,1.0
2700000,1.5088102,280.48387096774195,3.0,0.6389068,2.4959737718105317,2.4959737718105317,1.0
2710000,1.5252242,358.4230769230769,3.0,0.67628086,3.435262145904394,3.435262145904394,1.0
2720000,1.5198135,298.25714285714287,3.0,0.691789,2.7443116100298033,2.7443116100298033,1.0
2730000,1.5343363,304.2692307692308,3.0,0.71395624,2.8875005851284814,2.8875005851284814,1.0
2740000,1.5179969,356.4848484848485,3.0,0.7047208,3.521752147060452,3.521752147060452,1.0
2750000,1.5140861,461.22727272727275,3.0,0.7957892,4.879128132354129,4.879128132354129,1.0
2760000,1.4963331,357.3703703703704,3.0,0.77824223,3.4754154549704657,3.4754154549704657,1.0
2770000,1.5126591,445.95238095238096,3.0,0.82651377,4.935790826380253,4.935790826380253,1.0
2780000,1.5136783,419.6551724137931,3.0,0.79065496,4.223927423357964,4.223927423357964,1.0
2790000,1.5233918,435.8095238095238,3.0,0.80244106,4.587419800815129,4.587419800815129,1.0
2800000,1.5286351,382.6923076923077,3.0,0.75413096,3.7898084051333942,3.7898084051333942,1.0
2810000,1.5185027,473.8,3.0,0.8293818,5.125480818748474,5.125480818748474,1.0
2820000,1.5231854,471.4,3.0,0.84022295,5.228016916513443,5.228016916513443,1.0
2830000,1.5259991,505.3529411764706,3.0,0.9466166,5.788130414836547,5.788130414836547,1.0
2840000,1.5113273,495.95,3.0,0.84252983,5.653400893509388,5.653400893509388,1.0
2850000,1.4942409,584.1904761904761,3.0,0.8186834,6.796105811993281,6.796105811993281,1.0
2860000,1.4985902,388.40909090909093,3.0,0.7820247,3.9746734554117378,3.9746734554117378,1.0
2870000,1.4938965,449.7826086956522,3.0,0.7305998,4.940940036073975,4.940940036073975,1.0
2880000,1.4837947,422.8095238095238,3.0,0.711104,4.52895315913927,4.52895315913927,1.0
2890000,1.4966406,358.53125,3.0,0.782877,3.625219376757741,3.625219376757741,1.0
2900000,1.4959247,565.5,3.0,0.8835767,6.612486730728831,6.612486730728831,1.0
2910000,1.4870206,400.1515151515151,3.0,0.7469247,4.417412835088643,4.417412835088643,1.0
2920000,1.4690499,400.10526315789474,3.0,0.8001983,4.204505969034998,4.204505969034998,1.0
2930000,1.433547,451.51851851851853,3.0,0.7811091,5.103371250408667,5.103371250408667,1.0
2940000,1.428106,423.39130434782606,3.0,0.78218246,4.48907031831534,4.48907031831534,1.0
2950000,1.4176159,448.05263157894734,3.0,0.9197608,4.893516604837618,4.893516604837618,1.0
2960000,1.4437838,448.22727272727275,3.0,0.8837861,4.731172177053633,4.731172177053633,1.0
2970000,1.4148513,417.75,3.0,0.76840174,4.80500075788725,4.80500075788725,1.0
2980000,1.4246988,494.81481481481484,3.0,0.7803531,5.649600900709629,5.649600900709629,1.0
2990000,1.3654037,496.70588235294116,3.0,0.7420788,5.603930993378162,5.603930993378162,1.0
3000000,1.3780917,533.6842105263158,3.0,0.74755687,5.314471413107479,5.314471413107479,1.0
3010000,1.3478013,559.75,3.0,0.7462286,7.390967880686124,7.390967880686124,1.0
3020000,1.354748,547.8823529411765,3.0,0.7401169,6.392659865757999,6.392659865757999,1.0
3030000,1.3690913,247.36363636363637,4.0,0.7076223,2.093064069747925,2.093064069747925,1.0
3040000,1.3657302,406.7142857142857,4.0,0.76488817,4.199700738702502,4.199700738702502,1.0
3050000,1.3797041,644.3809523809524,4.0,0.8783209,7.759639132590521,7.759639132590521,1.0
3060000,1.3890151,501.8666666666667,4.0,0.8437565,5.730947709083557,5.730947709083557,1.0
3070000,1.4082471,574.3157894736842,4.0,0.85964507,7.134334365526835,7.134334365526835,1.0
3080000,1.4044992,455.25,4.0,0.84881,5.306650826334954,5.306650826334954,1.0
3090000,1.3989792,609.2352941176471,4.0,0.9298106,6.890956721372074,6.890956721372074,1.0
3100000,1.3853204,646.6470588235294,4.0,0.95373994,7.911612976999844,7.911612976999844,1.0
3110000,1.402475,583.4666666666667,4.0,0.9696982,7.015947737296423,7.015947737296423,1.0
3120000,1.3965638,561.7777777777778,4.0,0.98723197,6.71541209353341,6.71541209353341,1.0
3130000,1.389149,588.1111111111111,4.0,0.9474194,6.994612135820919,6.994612135820919,1.0
3140000,1.4196343,601.7142857142857,4.0,0.9402422,7.183401158877781,7.183401158877781,1.0
3150000,1.3874454,532.04,4.0,0.95324254,6.327368988990783,6.327368988990783,1.0
3160000,1.377568,418.7368421052632,4.0,0.9994077,4.580737597848239,4.580737597848239,1.0
3170000,1.3926142,560.6363636363636,4.0,1.0133599,6.734292042526332,6.734292042526332,1.0
3180000,1.392292,489.77777777777777,4.0,1.0031567,5.676367592480448,5.676367592480448,1.0
3190000,1.4098554,588.4375,4.0,0.9566767,7.067126112058759,7.067126112058759,1.0
3200000,1.414362,570.6470588235294,4.0,0.95164543,6.8404717392781205,6.8404717392781205,1.0
3210000,1.4039302,549.0909090909091,4.0,0.93965757,6.4275465648282655,6.4275465648282655,1.0
3220000,1.3920605,451.64285714285717,4.0,0.97113454,5.119172336799758,5.119172336799758,1.0
3230000,1.3993783,651.7,4.0,1.04144,7.866022229194641,7.866022229194641,1.0
3240000,1.4028825,584.6,4.0,1.1517295,7.912801349163056,7.912801349163056,1.0
3250000,1.4021596,694.6190476190476,4.0,1.1535248,8.848220352615629,8.848220352615629,1.0
3260000,1.4055574,443.8888888888889,4.0,1.1739151,4.810700678825379,4.810700678825379,1.0
3270000,1.4085606,790.5,4.0,1.162064,10.04217938747671,10.04217938747671,1.0
3280000,1.3882933,510.35714285714283,4.0,1.1200898,5.881900874631746,5.881900874631746,1.0
3290000,1.3894675,655.2631578947369,4.0,1.1307229,8.186148594868811,8.186148594868811,1.0
3300000,1.3942871,556.7692307692307,4.0,1.1470659,6.404154905906091,6.404154905906091,1.0
3310000,1.3956349,549.1304347826087,4.0,1.1491816,6.537183647570402,6.537183647570402,1.0
3320000,1.4071027,485.57894736842104,4.0,1.2118981,5.540169306491551,5.540169306491551,1.0
3330000,1.4157153,824.9230769230769,4.0,1.2925917,10.674447823029299,10.674447823029299,1.0
3340000,1.4289596,646.8333333333334,4.0,1.2395582,7.852667835023668,7.852667835023668,1.0
3350000,1.429206,564.7692307692307,4.0,1.2310045,6.896047268922512,6.896047268922512,1.0
3360000,1.4431818,752.9411764705883,4.0,1.1859789,9.570036840789458,9.570036840789458,1.0
3370000,1.4481338,549.1176470588235,4.0,1.185536,6.7737510576844215,6.7737510576844215,1.0
3380000,1.4444941,638.4666666666667,4.0,1.2590582,7.542926190420985,7.542926190420985,1.0
3390000,1.4333265,706.8571428571429,4.0,1.2567589,8.721072801521846,8.721072801521846,1.0
3400000,1.4165667,669.7857142857143,4.0,1.2397373,8.507986815912384,8.507986815912384,1.0
3410000,1.4199824,796.3636363636364,4.0,1.257687,10.430383254181255,10.430383254181255,1.0
3420000,1.4198029,689.0555555555555,4.0,1.1849146,8.699090207616488,8.699090207616488,1.0
3430000,1.4242308,592.4615384615385,4.0,1.1946232,7.330185683873983,7.330185683873983,1.0
3440000,1.401681,640.0952380952381,4.0,1.1942189,7.978210785559246,7.978210785559246,1.0
3450000,1.3878627,544.2142857142857,4.0,1.2541707,5.7979086224849405,5.7979086224849405,1.0
3460000,1.3734163,739.9285714285714,4.0,1.3059783,9.842188088099162,9.842188088099162,1.0
3470000,1.3670359,814.0,4.0,1.3194579,10.06591048836708,10.06591048836708,1.0
3480000,1.3723351,690.5,4.0,1.2473112,8.967154257437763,8.967154257437763,1.0
3490000,1.387255,674.4166666666666,4.0,1.1951466,8.325017983714739,8.325017983714739,1.0
3500000,1.3923206,704.4166666666666,4.0,1.2228377,9.349370575868166,9.349370575868166,1.0
3510000,1.3802172,935.1,4.0,1.2624778,12.26432176232338,12.26432176232338,1.0
3520000,1.380047,832.0833333333334,4.0,1.2370908,11.154463077966984,11.154463077966984,1.0
3530000,1.3797274,668.2352941176471,4.0,1.2232505,8.133213743567467,8.133213743567467,1.0
3540000,1.369441,478.7368421052632,4.0,1.1283591,5.757463983799282,5.757463983799282,1.0
3550000,1.3821787,778.6363636363636,4.0,1.2711579,10.619218274950981,10.619218274950981,1.0
3560000,1.3806783,661.8421052631579,4.0,1.1820489,8.311243413310303,8.311243413310303,1.0
3570000,1.375117,710.8571428571429,4.0,1.2352055,8.426108960921947,8.426108960921947,1.0
3580000,1.3594466,764.5833333333334,4.0,1.3010029,10.255278339752785,10.255278339752785,1.0
3590000,1.3727595,845.4615384615385,4.0,1.3716297,10.958485007286072,10.958485007286072,1.0
3600000,1.3708415,734.2307692307693,4.0,1.4050189,10.319755393725176,10.319755393725176,1.0
3610000,1.3797824,681.6428571428571,4.0,1.4571222,8.282681256532669,8.282681256532669,1.0
3620000,1.3859692,867.0909090909091,4.0,1.4534556,11.3597108613361,11.3597108613361,1.0
3630000,1.4186172,727.5833333333334,4.0,1.4099215,9.521751374006271,9.521751374006271,1.0
3640000,1.4190578,791.3125,4.0,1.3974116,10.222054934501648,10.222054934501648,1.0
3650000,1.4049557,593.6153846153846,4.0,1.3532621,7.769686771290643,7.769686771290643,1.0
3660000,1.4046267,857.1428571428571,4.0,1.3784914,11.191647740510794,11.191647740510794,1.0
3670000,1.4083512,711.1818181818181,4.0,1.3631798,9.430984750390053,9.430984750390053,1.0
3680000,1.4062502,833.125,4.0,1.3771453,10.910641487439474,10.910641487439474,1.0
3690000,1.3966303,454.8666666666667,4.0,1.2796535,5.760538421571255,5.760538421571255,1.0
3700000,1.3898007,989.9166666666666,4.0,1.394283,13.509418646494547,13.509418646494547,1.0
3710000,1.344589,959.75,4.0,1.4037676,12.914752155542374,12.914752155542374,1.0
3720000,1.3548436,753.7058823529412,4.0,1.3718567,9.729776255786419,9.729776255786419,1.0
3730000,1.3423958,792.8,4.0,1.3308389,10.869710613380779,10.869710613380779,1.0
3740000,1.3535908,843.7857142857143,4.0,1.3293824,12.09848519663016,12.09848519663016,1.0
3750000,1.3143526,719.2727272727273,4.0,1.2164031,9.121324493334843,9.121324493334843,1.0
3760000,1.3147604,724.25,4.0,1.2268575,9.462576491758227,9.462576491758227,1.0
3770000,1.3423505,980.5714285714286,4.0,1.2786961,13.44737342425755,13.44737342425755,1.0
3780000,1.3524109,820.0,4.0,1.2431918,11.150176581926644,11.150176581926644,1.0
3790000,1.3388579,744.2222222222222,4.0,1.2492714,9.844261252880097,9.844261252880097,1.0
3800000,1.3383534,783.1875,4.0,1.226627,10.497464124113321,10.497464124113321,1.0
3810000,1.35054,730.2,4.0,1.3347212,9.410157038105858,9.410157038105858,1.0
3820000,1.3340573,913.4615384615385,4.0,1.3388894,12.544130329574857,12.544130329574857,1.0
3830000,1.3261826,752.75,4.0,1.2765505,9.67805592580275,9.67805592580275,1.0
3840000,1.3257582,831.1666666666666,4.0,1.2403347,11.463094037312727,11.463094037312727,1.0
3850000,1.3170905,657.3333333333334,4.0,1.1686411,8.775361227989197,8.775361227989197,1.0
3860000,1.3294804,914.6363636363636,4.0,1.2504687,12.539329019459812,12.539329019459812,1.0
3870000,1.3092716,796.0,4.0,1.2142813,10.786834970116615,10.786834970116615,1.0
3880000,1.3150752,742.7333333333333,4.0,1.2208617,9.956681412458419,9.956681412458419,1.0
3890000,1.3129826,944.2,4.0,1.1675755,13.105321943759918,13.105321943759918,1.0
3900000,1.2971389,929.0,4.0,1.1017549,12.752238046039235,12.752238046039235,1.0
3910000,1.2939304,809.9166666666666,4.0,1.1169878,11.022968212763468,11.022968212763468,1.0
3920000,1.2767683,935.0909090909091,4.0,1.1538905,12.746147253296591,12.746147253296591,1.0
3930000,1.2806351,737.0769230769231,4.0,1.1602033,9.877847561469444,9.877847561469444,1.0
3940000,1.3053879,876.75,4.0,1.2425998,11.99765166391929,11.99765166391929,1.0
3950000,1.3127319,861.6666666666666,4.0,1.164677,11.42953497171402,11.42953497171402,1.0
3960000,1.3054682,860.0,4.0,1.170165,11.789401882886887,11.789401882886887,1.0
